{
  "dt": 0.016666666666666666,
  "q_att": [
    -0.5978646786589262,
    -0.3406832259942816,
    -0.4371846024122688,
    0.5791048168957107
  ]
}